{"cameraMode":{"drawMode":0,"name":"Shaded","section":"Shading Mode"},"sceneLighting":false,"audioPlay":false,"sceneViewState":{"m_AlwaysRefresh":false,"showFog":true,"showSkybox":false,"showFlares":true,"showImageEffects":true,"showParticleSystems":true,"showVisualEffectGraphs":true,"m_FxEnabled":true},"in2DMode":false,"pivot":{"x":4.650857448577881,"y":0.3656482696533203,"z":-4.1743364334106449},"rotation":{"x":-0.01593916304409504,"y":-0.49280765652656557,"z":0.009009324014186859,"w":-0.8699571490287781},"size":0.569485068321228,"orthographic":false}